{
  "setup.py": 1775673388.4662414,
  "test/test_live_params.py": 1774806030.694949,
  "test/test_post_set_actions.py": 1774893769.5735672,
  "test/test_config_file.py": 1775673546.0388386,
  "test/test_lifecycle_live.py": 1774893847.2057471,
  "test/test_param_client.py": 1775442550.6024992,
  "test/test_schema.py": 1775585299.0384083,
  "test/test_param_client_live.py": 1774893762.9122798,
  "nav2_config/__init__.py": 1774806030.7139485,
  "nav2_config/node.py": 1775839717.8648121,
  "nav2_config/main.py": 1775500067.2904072,
  "nav2_config/gui/__init__.py": 1774806030.7169483,
  "nav2_config/gui/param_panel.py": 1775840011.954838,
  "nav2_config/gui/load_dialog.py": 1774806030.7229483,
  "nav2_config/gui/theme.py": 1774806030.7479477,
  "nav2_config/gui/yaml_panel.py": 1775236708.4508882,
  "nav2_config/gui/icons.py": 1774806030.7539475,
  "nav2_config/gui/main_window.py": 1775791287.8010223,
  "nav2_config/gui/node_panel.py": 1775839996.4770067,
  "nav2_config/gui/widgets/__init__.py": 1774806030.725948,
  "nav2_config/gui/widgets/param_input.py": 1774806030.729948,
  "nav2_config/gui/widgets/param_topic_select.py": 1774806030.732948,
  "nav2_config/gui/widgets/param_slider.py": 1774806030.7359478,
  "nav2_config/gui/widgets/param_row.py": 1775500046.7011032,
  "nav2_config/gui/widgets/param_select.py": 1774806030.7419477,
  "nav2_config/gui/widgets/param_toggle.py": 1774806030.7449477,
  "nav2_config/core/__init__.py": 1774806030.765947,
  "nav2_config/core/node_discovery.py": 1775757510.2999475,
  "nav2_config/core/frame_discovery.py": 1774806030.772947,
  "nav2_config/core/param_client.py": 1775442464.037998,
  "nav2_config/core/param_watcher.py": 1775674621.7514956,
  "nav2_config/core/lifecycle_client.py": 1775757529.6791253,
  "nav2_config/core/yaml_importer.py": 1775757944.9881368,
  "nav2_config/core/topic_discovery.py": 1775755335.26811,
  "nav2_config/core/config_file.py": 1775757964.976169,
  "nav2_config/core/service_caller.py": 1775757879.0069973,
  "nav2_config/core/yaml_exporter.py": 1775757895.2840366,
  "nav2_config/types/__init__.py": 1774806030.8039463,
  "nav2_config/types/params.py": 1775757874.7689865,
  "nav2_config/schema/__init__.py": 1774806030.809946,
  "BUILD_GUIDE.md": 1774804677.9570432,
  "README.md": 1775496860.6390746,
  "CLAUDE.md": 1775839826.846181,
  "Screenshot.png": 1774791452.9926925,
  "nav2_config/resources/icons/error.png": 1774736455.4693089,
  "nav2_config/resources/icons/RobotModel.png": 1774736455.4673088,
  "nav2_config/resources/icons/Odometry.png": 1774736455.462309,
  "nav2_config/resources/icons/PoseArray.png": 1774736455.454309,
  "nav2_config/resources/icons/LaserScan.png": 1774736455.4663088,
  "nav2_config/resources/icons/SetInitialPose.png": 1774736455.465309,
  "nav2_config/resources/icons/close.png": 1774736455.4733088,
  "nav2_config/resources/icons/zoom.svg": 1774786988.1426048,
  "nav2_config/resources/icons/ok.png": 1774736455.4693089,
  "nav2_config/resources/icons/Pose.png": 1774736455.461309,
  "nav2_config/resources/icons/MarkerArray.png": 1774736455.4573088,
  "nav2_config/resources/icons/minus.png": 1774736455.4723089,
  "nav2_config/resources/icons/options.png": 1774736455.4713087,
  "nav2_config/resources/icons/plus.png": 1774736455.4713087,
  "nav2_config/resources/icons/GridCells.png": 1774736455.458309,
  "nav2_config/resources/icons/Wrench.png": 1774736455.4603088,
  "nav2_config/resources/icons/rviz_rotate.svg": 1774736455.4743087,
  "nav2_config/resources/icons/Map.png": 1774736455.4593089,
  "nav2_config/resources/icons/TwistStamped.png": 1774736455.455309,
  "nav2_config/resources/icons/SetGoal.png": 1774736455.4643087,
  "nav2_config/resources/icons/Path.png": 1774736455.4563088,
  "nav2_config/resources/icons/warning.png": 1774736455.468309,
  "nav2_config/resources/icons/Grid.png": 1774736455.4633088
}